DAVF.webp -> DAVF.webp
Intrasaccular.webp -> Intrasaccular.webp
alt_logo.webp -> alt_logo.webp
an_angio.webp -> an_angio.webp
an_coiling.webp -> an_coiling.webp
aneurysm.webp -> aneurysm.webp
apple-touch-icon.webp -> apple-touch-icon.webp
avm.webp -> avm.webp
bristol.webp -> bristol.webp
cpd.webp -> cpd.webp
ct-scanner.webp -> ct-scanner.webp
dsa.webp -> dsa.webp
esmint.webp -> esmint.webp
feature.webp -> feature.webp
feature_an_symptoms.webp -> feature_an_symptoms.webp
feature_aneurysm_rx.webp -> feature_aneurysm_rx.webp
feature_clipcoil.webp -> feature_clipcoil.webp
feature_health.webp -> feature_health.webp
feature_newaneurysm.webp -> feature_newaneurysm.webp
feature_screening.webp -> feature_screening.webp
feature_stayhospital.webp -> feature_stayhospital.webp
flow_diversion.webp -> flow_diversion.webp
footer.webp -> footer.webp
front_aneurysm.webp -> front_aneurysm.webp
front_avm.webp -> front_avm.webp
front_biplane.webp -> front_biplane.webp
front_carotid_stenosis.webp -> front_carotid_stenosis.webp
front_ct.webp -> front_ct.webp
front_davf.webp -> front_davf.webp
front_iih.webp -> front_iih.webp
front_mma.webp -> front_mma.webp
front_mri.webp -> front_mri.webp
front_pulsatile_tinnitus.webp -> front_pulsatile_tinnitus.webp
front_sih.webp -> front_sih.webp
front_spinal_avm.webp -> front_spinal_avm.webp
harleyst.webp -> harleyst.webp
kch.webp -> kch.webp
kcl.webp -> kcl.webp
knowlege.webp -> knowlege.webp
logo-small.webp -> logo-small.webp
logo.webp -> logo.webp
mdu.webp -> mdu.webp
mri scanner.webp -> mri scanner.webp
prevent.webp -> prevent.webp
profile_shot (copy).webp -> profile_shot (copy).webp
profile_shot.webp -> profile_shot.webp
queens.webp -> queens.webp
rcr.webp -> rcr.webp
rcs.webp -> rcs.webp
sara.webp -> sara.webp
sharing-default.webp -> sharing-default.webp
smile.webp -> smile.webp
spinal_avm.webp -> spinal_avm.webp
stent_coiling.webp -> stent_coiling.webp
surgery.webp -> surgery.webp
template-easy-customize.webp -> template-easy-customize.webp
tufail.webp -> tufail.webp
ukng.webp -> ukng.webp
wellington.webp -> wellington.webp
